<odoo>
    <data>
        <record id="stage_submitted" model="nursery.admission.stage">
                <field name="name">Submitted</field>
                <field name="sequence">0</field>
        </record>

        <record id="stage_draft" model="nursery.admission.stage">
            <field name="name">New</field>
            <field name="sequence">1</field>
        </record>
        <record id="stage_qualified" model="nursery.admission.stage">
            <field name="name">Initial Qualification</field>
            <field name="sequence">2</field>
        </record>
        <record id="stage_accepted" model="nursery.admission.stage">
            <field name="name">First Interview</field>
            <field name="sequence">3</field>
        </record>
        <record id="stage_rejected" model="nursery.admission.stage">
            <field name="name">Second Interview</field>
            <field name="sequence">4</field>
        </record>
        <record id="stage_proposal" model="nursery.admission.stage">
            <field name="name">Contract Proposal</field>
            <field name="sequence">5</field>
        </record>
        <record id="stage_sign" model="nursery.admission.stage">
            <field name="name">Contract sign</field>
            <field name="sequence">6</field>
        </record>
        <record id="stage_reject" model="nursery.admission.stage">
            <field name="name">Rejected</field>
            <field name="sequence">7</field>
        </record>
    </data>
</odoo>
