
<odoo>
____<record_id="email_template_admission_accept"_model="mail.template">
        <field name="name">Admission Accepted</field>
        <field name="model_id" ref="model_nursery_admission"/>
        <field name="subject">Your Application Has Been Accepted</field>
        <field name="email_to">${object.parent_id.email}</field>
        <field name="body_html">
            <![CDATA[
            <p>Dear ${object.parent_id.name},</p>
            <p>We are pleased to inform you that your application for ${object.child_name} has been <strong>accepted</strong>.</p>
            <p>Thank you!</p>
            ]]>
        </field>
    </record>

____<record_id="email_template_admission_reject"_model="mail.template">
        <field name="name">Admission Rejected</field>
        <field name="model_id" ref="model_nursery_admission"/>
        <field name="subject">Your Application Has Been Rejected</field>
        <field name="email_to">${object.parent_id.email}</field>
        <field name="body_html">
            <![CDATA[
            <p>Dear ${object.parent_id.name},</p>
            <p>We regret to inform you that your application for ${object.child_name} has been <strong>rejected</strong>.</p>
            <p>Thank you for your interest.</p>
            ]]>
        </field>
    </record>
</odoo>
